<?xml version='1.0'?>
<module>
<exporttime>2023-06-22 05:30:56</exporttime>
<name>CTGoogleOffice365SuiteLog</name>
<label>CTGoogleOffice365SuiteLog</label>
<dependencies>
<vtiger_version>7.5.0</vtiger_version>
</dependencies>
<license>
        <inline>
            *************************************************************************************************************
            *  Module              : GoogleOffice365Suite
            *  Version             : 2.0
            *  Vtiger              : 7.5.0
            *  Author              : CRMTiger.
            *  Supported browsers  : Internet Explorer 7 or higher, Mozilla Firefox 3.0 or higher, Google Chrome, Safari
            *************************************************************************************************************

            Terms and Conditions:

            No Warranty. The Software is provided "as is" without warranty of any kind, either express 
            or implied, including without limitation any implied warranties of condition, uninterrupted 
            use, merchantability, fitness for a particular purpose, or non-infringement.
        </inline>
</license>
<tables>
<table>
<name>vtiger_ctgoogleoffice365suitelog</name>
<sql><![CDATA[CREATE TABLE `vtiger_ctgoogleoffice365suitelog` (
  `ctgoogleoffice365suitelogid` int(19) NOT NULL,
  `related_id` varchar(100) DEFAULT NULL,
  `google_contact_id` longtext,
  `google_etag_id` longtext,
  `sync_type` varchar(50) DEFAULT NULL,
  `contactgroup_id` longtext,
  `ctgoogleoffice365suitelog_no` varchar(255) DEFAULT NULL,
  `tags` varchar(1) DEFAULT NULL,
  `module_type` varchar(50) DEFAULT NULL,
  `type` varchar(100) DEFAULT NULL,
  `action_type` varchar(100) DEFAULT NULL,
  `status` varchar(100) DEFAULT NULL,
  `description` varchar(100) DEFAULT NULL,
  `contact_id` longtext,
  `etag_id` longtext,
  `event_id` longtext,
  `calendargroup_id` longtext,
  `deleted_status` int(3) NOT NULL,
  `series_master_id` longtext NOT NULL,
  PRIMARY KEY (`ctgoogleoffice365suitelogid`)
) ENGINE=InnoDB DEFAULT CHARSET=utf8]]></sql>
</table>
<table>
<name>vtiger_ctgoogleoffice365suitelogcf</name>
<sql><![CDATA[CREATE TABLE `vtiger_ctgoogleoffice365suitelogcf` (
  `ctgoogleoffice365suitelogid` int(19) NOT NULL,
  PRIMARY KEY (`ctgoogleoffice365suitelogid`)
) ENGINE=InnoDB DEFAULT CHARSET=utf8]]></sql>
</table>
</tables>
<blocks>
<block>
<label>CTGoogleOffice365SuiteLog Information</label>
<fields>
<field>
<fieldname>related_id</fieldname>
<uitype>10</uitype>
<columnname>related_id</columnname>
<tablename>vtiger_ctgoogleoffice365suitelog</tablename>
<generatedtype>1</generatedtype>
<fieldlabel>Related To</fieldlabel>
<readonly>1</readonly>
<presence>2</presence>
<defaultvalue></defaultvalue>
<sequence>1</sequence>
<maximumlength>100</maximumlength>
<typeofdata>V~O</typeofdata>
<quickcreate>2</quickcreate>
<quickcreatesequence>0</quickcreatesequence>
<displaytype>1</displaytype>
<info_type>BAS</info_type>
<helpinfo><![CDATA[]]></helpinfo>
<masseditable>1</masseditable>
<summaryfield>1</summaryfield>
<relatedmodules>
<relatedmodule>Accounts</relatedmodule>
<relatedmodule>Contacts</relatedmodule>
<relatedmodule>Leads</relatedmodule>
<relatedmodule>Calendar</relatedmodule>
</relatedmodules>
</field>
<field>
<fieldname>type</fieldname>
<uitype>2</uitype>
<columnname>type</columnname>
<tablename>vtiger_ctgoogleoffice365suitelog</tablename>
<generatedtype>1</generatedtype>
<fieldlabel>Type</fieldlabel>
<readonly>1</readonly>
<presence>2</presence>
<defaultvalue></defaultvalue>
<sequence>2</sequence>
<maximumlength>100</maximumlength>
<typeofdata>V~O</typeofdata>
<quickcreate>1</quickcreate>
<quickcreatesequence>0</quickcreatesequence>
<displaytype>1</displaytype>
<info_type>BAS</info_type>
<helpinfo><![CDATA[]]></helpinfo>
<masseditable>1</masseditable>
<summaryfield>0</summaryfield>
</field>
<field>
<fieldname>sync_type</fieldname>
<uitype>2</uitype>
<columnname>sync_type</columnname>
<tablename>vtiger_ctgoogleoffice365suitelog</tablename>
<generatedtype>1</generatedtype>
<fieldlabel>Sync Type</fieldlabel>
<readonly>1</readonly>
<presence>2</presence>
<defaultvalue></defaultvalue>
<sequence>3</sequence>
<maximumlength>100</maximumlength>
<typeofdata>V~O</typeofdata>
<quickcreate>1</quickcreate>
<quickcreatesequence>0</quickcreatesequence>
<displaytype>1</displaytype>
<info_type>BAS</info_type>
<helpinfo><![CDATA[]]></helpinfo>
<masseditable>1</masseditable>
<summaryfield>0</summaryfield>
</field>
<field>
<fieldname>action_type</fieldname>
<uitype>2</uitype>
<columnname>action_type</columnname>
<tablename>vtiger_ctgoogleoffice365suitelog</tablename>
<generatedtype>1</generatedtype>
<fieldlabel>Action Type</fieldlabel>
<readonly>1</readonly>
<presence>2</presence>
<defaultvalue></defaultvalue>
<sequence>4</sequence>
<maximumlength>100</maximumlength>
<typeofdata>V~O</typeofdata>
<quickcreate>1</quickcreate>
<quickcreatesequence>0</quickcreatesequence>
<displaytype>1</displaytype>
<info_type>BAS</info_type>
<helpinfo><![CDATA[]]></helpinfo>
<masseditable>1</masseditable>
<summaryfield>0</summaryfield>
</field>
<field>
<fieldname>status</fieldname>
<uitype>2</uitype>
<columnname>status</columnname>
<tablename>vtiger_ctgoogleoffice365suitelog</tablename>
<generatedtype>1</generatedtype>
<fieldlabel>Status</fieldlabel>
<readonly>1</readonly>
<presence>2</presence>
<defaultvalue></defaultvalue>
<sequence>5</sequence>
<maximumlength>100</maximumlength>
<typeofdata>V~O</typeofdata>
<quickcreate>1</quickcreate>
<quickcreatesequence>0</quickcreatesequence>
<displaytype>1</displaytype>
<info_type>BAS</info_type>
<helpinfo><![CDATA[]]></helpinfo>
<masseditable>1</masseditable>
<summaryfield>0</summaryfield>
</field>
<field>
<fieldname>description</fieldname>
<uitype>19</uitype>
<columnname>description</columnname>
<tablename>vtiger_ctgoogleoffice365suitelog</tablename>
<generatedtype>1</generatedtype>
<fieldlabel>Description</fieldlabel>
<readonly>1</readonly>
<presence>2</presence>
<defaultvalue></defaultvalue>
<sequence>6</sequence>
<maximumlength>100</maximumlength>
<typeofdata>V~O</typeofdata>
<quickcreate>1</quickcreate>
<quickcreatesequence>0</quickcreatesequence>
<displaytype>1</displaytype>
<info_type>BAS</info_type>
<helpinfo><![CDATA[]]></helpinfo>
<masseditable>1</masseditable>
<summaryfield>0</summaryfield>
</field>
<field>
<fieldname>ctgoogleoffice365suitelog_no</fieldname>
<uitype>4</uitype>
<columnname>ctgoogleoffice365suitelog_no</columnname>
<tablename>vtiger_ctgoogleoffice365suitelog</tablename>
<generatedtype>1</generatedtype>
<fieldlabel>CTGoogleOffice365SuiteLog No</fieldlabel>
<readonly>1</readonly>
<presence>2</presence>
<defaultvalue></defaultvalue>
<sequence>7</sequence>
<maximumlength>100</maximumlength>
<typeofdata>V~O</typeofdata>
<quickcreate>1</quickcreate>
<quickcreatesequence>0</quickcreatesequence>
<displaytype>1</displaytype>
<info_type>BAS</info_type>
<helpinfo><![CDATA[]]></helpinfo>
<masseditable>1</masseditable>
<summaryfield>0</summaryfield>
<entityidentifier>
<entityidfield>ctgoogleoffice365suitelogid</entityidfield>
<entityidcolumn>ctgoogleoffice365suitelogid</entityidcolumn>
</entityidentifier>
</field>
<field>
<fieldname>createdtime</fieldname>
<uitype>70</uitype>
<columnname>createdtime</columnname>
<tablename>vtiger_crmentity</tablename>
<generatedtype>1</generatedtype>
<fieldlabel>Created Time</fieldlabel>
<readonly>1</readonly>
<presence>2</presence>
<defaultvalue></defaultvalue>
<sequence>8</sequence>
<maximumlength>100</maximumlength>
<typeofdata>DT~O</typeofdata>
<quickcreate>1</quickcreate>
<quickcreatesequence>0</quickcreatesequence>
<displaytype>2</displaytype>
<info_type>BAS</info_type>
<helpinfo><![CDATA[]]></helpinfo>
<masseditable>1</masseditable>
<summaryfield>0</summaryfield>
</field>
<field>
<fieldname>modifiedtime</fieldname>
<uitype>70</uitype>
<columnname>modifiedtime</columnname>
<tablename>vtiger_crmentity</tablename>
<generatedtype>1</generatedtype>
<fieldlabel>Modified Time</fieldlabel>
<readonly>1</readonly>
<presence>2</presence>
<defaultvalue></defaultvalue>
<sequence>9</sequence>
<maximumlength>100</maximumlength>
<typeofdata>DT~O</typeofdata>
<quickcreate>1</quickcreate>
<quickcreatesequence>0</quickcreatesequence>
<displaytype>2</displaytype>
<info_type>BAS</info_type>
<helpinfo><![CDATA[]]></helpinfo>
<masseditable>1</masseditable>
<summaryfield>0</summaryfield>
</field>
<field>
<fieldname>assigned_user_id</fieldname>
<uitype>53</uitype>
<columnname>smownerid</columnname>
<tablename>vtiger_crmentity</tablename>
<generatedtype>1</generatedtype>
<fieldlabel>Assigned To</fieldlabel>
<readonly>1</readonly>
<presence>2</presence>
<defaultvalue></defaultvalue>
<sequence>10</sequence>
<maximumlength>100</maximumlength>
<typeofdata>V~M</typeofdata>
<quickcreate>1</quickcreate>
<quickcreatesequence>0</quickcreatesequence>
<displaytype>1</displaytype>
<info_type>BAS</info_type>
<helpinfo><![CDATA[]]></helpinfo>
<masseditable>1</masseditable>
<summaryfield>0</summaryfield>
</field>
<field>
<fieldname>source</fieldname>
<uitype>1</uitype>
<columnname>source</columnname>
<tablename>vtiger_crmentity</tablename>
<generatedtype>1</generatedtype>
<fieldlabel>Source</fieldlabel>
<readonly>1</readonly>
<presence>2</presence>
<defaultvalue></defaultvalue>
<sequence>11</sequence>
<maximumlength>100</maximumlength>
<typeofdata>V~O</typeofdata>
<quickcreate>3</quickcreate>
<quickcreatesequence>1</quickcreatesequence>
<displaytype>2</displaytype>
<info_type>BAS</info_type>
<helpinfo><![CDATA[]]></helpinfo>
<masseditable>0</masseditable>
<summaryfield>0</summaryfield>
</field>
<field>
<fieldname>starred</fieldname>
<uitype>56</uitype>
<columnname>starred</columnname>
<tablename>vtiger_crmentity_user_field</tablename>
<generatedtype>1</generatedtype>
<fieldlabel>starred</fieldlabel>
<readonly>1</readonly>
<presence>2</presence>
<defaultvalue></defaultvalue>
<sequence>12</sequence>
<maximumlength>100</maximumlength>
<typeofdata>C~O</typeofdata>
<quickcreate>3</quickcreate>
<quickcreatesequence>2</quickcreatesequence>
<displaytype>6</displaytype>
<info_type>BAS</info_type>
<helpinfo><![CDATA[]]></helpinfo>
<masseditable>0</masseditable>
<summaryfield>0</summaryfield>
</field>
<field>
<fieldname>tags</fieldname>
<uitype>1</uitype>
<columnname>tags</columnname>
<tablename>vtiger_ctgoogleoffice365suitelog</tablename>
<generatedtype>1</generatedtype>
<fieldlabel>tags</fieldlabel>
<readonly>1</readonly>
<presence>2</presence>
<defaultvalue></defaultvalue>
<sequence>13</sequence>
<maximumlength>100</maximumlength>
<typeofdata>V~O</typeofdata>
<quickcreate>3</quickcreate>
<quickcreatesequence>3</quickcreatesequence>
<displaytype>6</displaytype>
<info_type>BAS</info_type>
<helpinfo><![CDATA[]]></helpinfo>
<masseditable>0</masseditable>
<summaryfield>0</summaryfield>
</field>
<field>
<fieldname>deleted_status</fieldname>
<uitype>2</uitype>
<columnname>deleted_status</columnname>
<tablename>vtiger_ctgoogleoffice365suitelog</tablename>
<generatedtype>1</generatedtype>
<fieldlabel>Deleted Staus</fieldlabel>
<readonly>1</readonly>
<presence>2</presence>
<defaultvalue></defaultvalue>
<sequence>5</sequence>
<maximumlength>100</maximumlength>
<typeofdata>I~O</typeofdata>
<quickcreate>1</quickcreate>
<quickcreatesequence>0</quickcreatesequence>
<displaytype>1</displaytype>
<info_type>BAS</info_type>
<helpinfo><![CDATA[]]></helpinfo>
<masseditable>1</masseditable>
<summaryfield>0</summaryfield>
</field>
</fields>
</block>
<block>
<label>Google/Office365 Contact Log Information</label>
<fields>
<field>
<fieldname>contact_id</fieldname>
<uitype>21</uitype>
<columnname>contact_id</columnname>
<tablename>vtiger_ctgoogleoffice365suitelog</tablename>
<generatedtype>1</generatedtype>
<fieldlabel>Google/Outlook365 Contact Id</fieldlabel>
<readonly>1</readonly>
<presence>2</presence>
<defaultvalue></defaultvalue>
<sequence>1</sequence>
<maximumlength>100</maximumlength>
<typeofdata>V~O</typeofdata>
<quickcreate>1</quickcreate>
<quickcreatesequence>0</quickcreatesequence>
<displaytype>1</displaytype>
<info_type>BAS</info_type>
<helpinfo><![CDATA[]]></helpinfo>
<masseditable>1</masseditable>
<summaryfield>0</summaryfield>
</field>
<field>
<fieldname>etag_id</fieldname>
<uitype>21</uitype>
<columnname>etag_id</columnname>
<tablename>vtiger_ctgoogleoffice365suitelog</tablename>
<generatedtype>1</generatedtype>
<fieldlabel>Google ETag Id</fieldlabel>
<readonly>1</readonly>
<presence>2</presence>
<defaultvalue></defaultvalue>
<sequence>2</sequence>
<maximumlength>100</maximumlength>
<typeofdata>V~O</typeofdata>
<quickcreate>1</quickcreate>
<quickcreatesequence>0</quickcreatesequence>
<displaytype>1</displaytype>
<info_type>BAS</info_type>
<helpinfo><![CDATA[]]></helpinfo>
<masseditable>1</masseditable>
<summaryfield>0</summaryfield>
</field>
<field>
<fieldname>contactgroup_id</fieldname>
<uitype>21</uitype>
<columnname>contactgroup_id</columnname>
<tablename>vtiger_ctgoogleoffice365suitelog</tablename>
<generatedtype>1</generatedtype>
<fieldlabel>Google/Outlook365 Contact Group</fieldlabel>
<readonly>1</readonly>
<presence>2</presence>
<defaultvalue></defaultvalue>
<sequence>3</sequence>
<maximumlength>100</maximumlength>
<typeofdata>V~O</typeofdata>
<quickcreate>1</quickcreate>
<quickcreatesequence>0</quickcreatesequence>
<displaytype>1</displaytype>
<info_type>BAS</info_type>
<helpinfo><![CDATA[]]></helpinfo>
<masseditable>1</masseditable>
<summaryfield>0</summaryfield>
</field>
<field>
<fieldname>series_master_id</fieldname>
<uitype>21</uitype>
<columnname>series_master_id</columnname>
<tablename>vtiger_ctgoogleoffice365suitelog</tablename>
<generatedtype>1</generatedtype>
<fieldlabel>series Master Id</fieldlabel>
<readonly>1</readonly>
<presence>2</presence>
<defaultvalue></defaultvalue>
<sequence>3</sequence>
<maximumlength>100</maximumlength>
<typeofdata>V~O</typeofdata>
<quickcreate>1</quickcreate>
<quickcreatesequence>0</quickcreatesequence>
<displaytype>1</displaytype>
<info_type>BAS</info_type>
<helpinfo><![CDATA[]]></helpinfo>
<masseditable>1</masseditable>
<summaryfield>0</summaryfield>
</field>
</fields>
</block>
<block>
<label>Google/Office365 Calendar Log Information</label>
<fields>
<field>
<fieldname>event_id</fieldname>
<uitype>21</uitype>
<columnname>event_id</columnname>
<tablename>vtiger_ctgoogleoffice365suitelog</tablename>
<generatedtype>1</generatedtype>
<fieldlabel>Google/Outlook365 Event Id</fieldlabel>
<readonly>1</readonly>
<presence>2</presence>
<defaultvalue></defaultvalue>
<sequence>1</sequence>
<maximumlength>100</maximumlength>
<typeofdata>V~O</typeofdata>
<quickcreate>1</quickcreate>
<quickcreatesequence>0</quickcreatesequence>
<displaytype>1</displaytype>
<info_type>BAS</info_type>
<helpinfo><![CDATA[]]></helpinfo>
<masseditable>1</masseditable>
<summaryfield>0</summaryfield>
</field>
<field>
<fieldname>calendargroup_id</fieldname>
<uitype>21</uitype>
<columnname>calendargroup_id</columnname>
<tablename>vtiger_ctgoogleoffice365suitelog</tablename>
<generatedtype>1</generatedtype>
<fieldlabel>Google/Outlook365 Calendar Group</fieldlabel>
<readonly>1</readonly>
<presence>2</presence>
<defaultvalue></defaultvalue>
<sequence>2</sequence>
<maximumlength>100</maximumlength>
<typeofdata>V~O</typeofdata>
<quickcreate>1</quickcreate>
<quickcreatesequence>0</quickcreatesequence>
<displaytype>1</displaytype>
<info_type>BAS</info_type>
<helpinfo><![CDATA[]]></helpinfo>
<masseditable>1</masseditable>
<summaryfield>0</summaryfield>
</field>
</fields>
</block>
</blocks>
<customviews>
<customview>
<viewname>All</viewname>
<setdefault>true</setdefault>
<setmetrics>false</setmetrics>
<fields>
<field>
<fieldname>related_id</fieldname>
<columnindex>0</columnindex>
</field>
<field>
<fieldname>action_type</fieldname>
<columnindex>1</columnindex>
</field>
<field>
<fieldname>sync_type</fieldname>
<columnindex>2</columnindex>
</field>
<field>
<fieldname>createdtime</fieldname>
<columnindex>3</columnindex>
</field>
<field>
<fieldname>assigned_user_id</fieldname>
<columnindex>4</columnindex>
</field>
<field>
<fieldname>modifiedtime</fieldname>
<columnindex>5</columnindex>
</field>
<field>
<fieldname>event_id</fieldname>
<columnindex>6</columnindex>
</field>
<field>
<fieldname>calendargroup_id</fieldname>
<columnindex>7</columnindex>
</field>
</fields>
</customview>
<customview>
<viewname>Test Lists</viewname>
<setdefault>true</setdefault>
<setmetrics>false</setmetrics>
<fields>
<field>
<fieldname>related_id</fieldname>
<columnindex>0</columnindex>
</field>
<field>
<fieldname>action_type</fieldname>
<columnindex>1</columnindex>
</field>
<field>
<fieldname>sync_type</fieldname>
<columnindex>2</columnindex>
</field>
<field>
<fieldname>createdtime</fieldname>
<columnindex>3</columnindex>
</field>
<field>
<fieldname>assigned_user_id</fieldname>
<columnindex>4</columnindex>
</field>
<field>
<fieldname>modifiedtime</fieldname>
<columnindex>5</columnindex>
</field>
<field>
<fieldname>event_id</fieldname>
<columnindex>6</columnindex>
</field>
<field>
<fieldname>calendargroup_id</fieldname>
<columnindex>7</columnindex>
</field>
<field>
<fieldname>contact_id</fieldname>
<columnindex>8</columnindex>
</field>
<field>
<fieldname>series_master_id</fieldname>
<columnindex>9</columnindex>
</field>
</fields>
</customview>
</customviews>
<sharingaccess>
<default>private</default>
</sharingaccess>
<actions>
<action>
<name><![CDATA[Import]]></name>
<status>enabled</status>
</action>
<action>
<name><![CDATA[Export]]></name>
<status>enabled</status>
</action>
<action>
<name><![CDATA[Merge]]></name>
<status>enabled</status>
</action>
</actions>
<crons>
</crons>
</module>
