<?xml version='1.0'?>
<schema>
	<tables>
		<table>
			<name>vtiger_ctgoogleoffice365suitelog</name>
			<sql><![CDATA[CREATE TABLE `vtiger_ctgoogleoffice365suitelog` (
  `ctgoogleoffice365suitelogid` int(19) NOT NULL,
  `related_id` varchar(100) DEFAULT NULL,
  `type` varchar(50) DEFAULT NULL,
  `sync_type` varchar(50) DEFAULT NULL,
  `action_type` varchar(50) DEFAULT NULL,
  `status` varchar(50) DEFAULT NULL,
  `description` text,
  `contact_id` longtext,
  `etag_id` longtext,
  `contactgroup_id` longtext,
  `event_id` longtext,
  `calendargroup_id` longtext,
  `ctgoogleoffice365suitelog_no` varchar(255) DEFAULT NULL,
  PRIMARY KEY (`ctgoogleoffice365suitelogid`)
) ENGINE=InnoDB DEFAULT CHARSET=utf8]]></sql>
		</table>
		<table>
			<name>vtiger_ctgoogleoffice365suitelogcf</name>
			<sql><![CDATA[CREATE TABLE `vtiger_ctgoogleoffice365suitelogcf` (
  `ctgoogleoffice365suitelogid` int(19) NOT NULL,
  PRIMARY KEY (`ctgoogleoffice365suitelogid`)
) ENGINE=InnoDB DEFAULT CHARSET=utf8]]></sql>
		</table>
	</tables>
</schema>
