<?xml version='1.0'?>
<module>
<exporttime>2023-01-12 06:29:37</exporttime>
<name>GoogleOffice365Suite</name>
<label>GoogleOffice365Suite</label>
<parent>Sales</parent>
<dependencies>
<vtiger_version>7.5.0</vtiger_version>
</dependencies>
<license>
        <inline>
            *************************************************************************************************************
            *  Module              : GoogleOffice365Suite
            *  Version             : 2.0
            *  Vtiger              : 7.5.0
            *  Author              : CRMTiger.
            *  Supported browsers  : Internet Explorer 7 or higher, Mozilla Firefox 3.0 or higher, Google Chrome, Safari
            *************************************************************************************************************

            Terms and Conditions:

            No Warranty. The Software is provided "as is" without warranty of any kind, either express 
            or implied, including without limitation any implied warranties of condition, uninterrupted 
            use, merchantability, fitness for a particular purpose, or non-infringement.
        </inline>
</license>
<tables>
<table>
<name>vtiger_googleoffice365suite</name>
<sql><![CDATA[CREATE TABLE `vtiger_googleoffice365suite` (
  `googleoffice365suiteid` int(19) NOT NULL,
  `googleoffice365suite_no` varchar(255) DEFAULT NULL,
  `tags` varchar(1) DEFAULT NULL,
  PRIMARY KEY (`googleoffice365suiteid`)
) ENGINE=InnoDB DEFAULT CHARSET=utf8]]></sql>
</table>
<table>
<name>vtiger_googleoffice365suitecf</name>
<sql><![CDATA[CREATE TABLE `vtiger_googleoffice365suitecf` (
  `googleoffice365suiteid` int(19) NOT NULL,
  PRIMARY KEY (`googleoffice365suiteid`)
) ENGINE=InnoDB DEFAULT CHARSET=utf8]]></sql>
</table>
<table>
<name>ctgoogleoffice365suite_syncoutlookemail_setting</name>
<sql><![CDATA[CREATE TABLE `ctgoogleoffice365suite_syncoutlookemail_setting` (
  `enable` int(9) NOT NULL DEFAULT '0'
) ENGINE=InnoDB DEFAULT CHARSET=latin1;]]></sql>
</table>
<table>
<name>ctgoogleoffice365suite_outlooksynccontacts_contactsgroup</name>
<sql><![CDATA[CREATE TABLE `ctgoogleoffice365suite_outlooksynccontacts_contactsgroup` (
  `groupid` int(15) NOT NULL AUTO_INCREMENT,
  `outlook_contacts_id` varchar(255) NOT NULL,
  `summary` varchar(255) NOT NULL,
  `user_id` int(10) NOT NULL,
  PRIMARY KEY (`groupid`)
) ENGINE=InnoDB DEFAULT CHARSET=latin1;]]></sql>
</table>
<table>
<name>ctgoogleoffice365suite_outlooksynccontacts_user_management</name>
<sql><![CDATA[CREATE TABLE `ctgoogleoffice365suite_outlooksynccontacts_user_management` (
  `admin_user_id` int(11) NOT NULL,
  `user_id` int(11) NOT NULL,
  `contact_limit` int(5) DEFAULT NULL
) ENGINE=InnoDB DEFAULT CHARSET=latin1;]]></sql>
</table>
<table>
<name>ctgoogleoffice365suite_outlooksynccontacts_settings</name>
<sql><![CDATA[CREATE TABLE `ctgoogleoffice365suite_outlooksynccontacts_settings` (
  `setting_id` int(10) NOT NULL AUTO_INCREMENT,
  `user_id` varchar(10) NOT NULL,
  `contactgroup_selected` varchar(1000) DEFAULT NULL,
  `deltatoken` longtext,
  `deleted_from_outlook` tinyint(1) DEFAULT NULL,
  `deleted_from_vtiger` tinyint(1) DEFAULT NULL,
  `selected_module` varchar(1000) DEFAULT NULL,
  `selected_cvid` int(10) NOT NULL,
  PRIMARY KEY (`setting_id`)
) ENGINE=InnoDB DEFAULT CHARSET=latin1;]]></sql>
</table>
<table>
<name>ctgoogleoffice365suite_outlooksynccontacts_fieldmapping</name>
<sql><![CDATA[CREATE TABLE `ctgoogleoffice365suite_outlooksynccontacts_fieldmapping` (
  `fieldmappingid` int(11) NOT NULL AUTO_INCREMENT,
  `user_id` int(11) NOT NULL,
  `selected_module` varchar(255) NOT NULL,
  `vtiger_fields` varchar(255) NOT NULL,
  `outlook_fields` varchar(255) NOT NULL,
  `editable` int(10) NOT NULL,
  PRIMARY KEY (`fieldmappingid`)
) ENGINE=InnoDB DEFAULT CHARSET=latin1;]]></sql>
</table>
<table>
<name>ctgoogleoffice365suite_syncvtigercontacts_schedulardata</name>
<sql><![CDATA[CREATE TABLE `ctgoogleoffice365suite_syncvtigercontacts_schedulardata` (
  `user_id` int(11) NOT NULL,
  `status` varchar(10) DEFAULT NULL,
  PRIMARY KEY (`user_id`)
) ENGINE=InnoDB DEFAULT CHARSET=latin1;]]></sql>
</table>
<table>
<name>ctgoogleoffice365suite_outlookcontacts_schedulardata</name>
<sql><![CDATA[CREATE TABLE `ctgoogleoffice365suite_outlookcontacts_schedulardata` (
  `user_id` int(11) NOT NULL,
  `status` varchar(10) DEFAULT NULL,
  `batch` int(255) DEFAULT NULL,
  `deltatoken` longtext,
  `deltanextlink` longtext,
  `totalrecordcount` int(255) DEFAULT NULL,
  `total_sync_record` int(255) DEFAULT NULL,
  `outlook_contacts_id` longtext,
  PRIMARY KEY (`user_id`)
) ENGINE=InnoDB DEFAULT CHARSET=latin1;]]></sql>
</table>
<table>
<name>ctgoogleoffice365suite_outlooksyncevents_eventsgroup</name>
<sql><![CDATA[CREATE TABLE `ctgoogleoffice365suite_outlooksyncevents_eventsgroup` (
  `groupid` int(15) NOT NULL AUTO_INCREMENT,
  `outlook_events_id` longtext NOT NULL,
  `summary` varchar(255) NOT NULL,
  `access_role` varchar(100) NOT NULL,
  `user_id` int(10) NOT NULL,
  PRIMARY KEY (`groupid`)
) ENGINE=InnoDB DEFAULT CHARSET=latin1;]]></sql>
</table>
<table>
<name>ctgoogleoffice365suite_outlooksyncevents_user_management</name>
<sql><![CDATA[CREATE TABLE `ctgoogleoffice365suite_outlooksyncevents_user_management` (
  `admin_user_id` int(11) NOT NULL,
  `user_id` int(11) NOT NULL,
  `calendar_limit` int(5) DEFAULT NULL
) ENGINE=InnoDB DEFAULT CHARSET=latin1;]]></sql>
</table>
<table>
<name>ctgoogleoffice365suite_outlooksyncevents_settings</name>
<sql><![CDATA[CREATE TABLE `ctgoogleoffice365suite_outlooksyncevents_settings` (
  `setting_id` int(10) NOT NULL AUTO_INCREMENT,
  `user_id` varchar(10) NOT NULL,
  `event_type` varchar(50) NOT NULL,
  `default_status` varchar(50) NOT NULL,
  `st_past` varchar(50) NOT NULL,
  `st_future` varchar(50) NOT NULL,
  `eventgroup_selected` varchar(1000) DEFAULT NULL,
  `sync_to_date` date DEFAULT NULL,
  `sync_from_date` date DEFAULT NULL,
  `deleted_from_outlook` tinyint(1) DEFAULT NULL,
  `deleted_from_vtiger` tinyint(1) DEFAULT NULL,
  `from_current_date` int(11) DEFAULT NULL,
  PRIMARY KEY (`setting_id`)
) ENGINE=InnoDB DEFAULT CHARSET=latin1;]]></sql>
</table>
<table>
<name>ctgoogleoffice365suite_syncoutlook_enableautosync</name>
<sql><![CDATA[CREATE TABLE `ctgoogleoffice365suite_syncoutlook_enableautosync` (
  `user_id` int(19) NOT NULL,
  `enablesync_contact` int(9) NOT NULL DEFAULT '0',
  `batch_contact` int(100) NOT NULL,
  `enablesync_event` int(11) DEFAULT '0',
  `batch_event` int(11) DEFAULT NULL
) ENGINE=InnoDB DEFAULT CHARSET=latin1;]]></sql>
</table>
<table>
<name>ctgoogleoffice365suite_outlookcron_log</name>
<sql><![CDATA[CREATE TABLE `ctgoogleoffice365suite_outlookcron_log` (
  `user_id` int(11) DEFAULT NULL,
  `module` varchar(255) DEFAULT NULL,
  `created_time` datetime DEFAULT NULL,
  `synctovtiger` bigint(20) DEFAULT NULL,
  `synctooutlook` bigint(20) DEFAULT NULL,
  `type` varchar(255) DEFAULT NULL
) ENGINE=InnoDB DEFAULT CHARSET=latin1;]]></sql>
</table>
<table>
<name>ctgoogleoffice365suite_outlooksync_token</name>
<sql><![CDATA[CREATE TABLE `ctgoogleoffice365suite_outlooksync_token` (
  `user_id` varchar(255) NOT NULL,
  `token` longtext NOT NULL,
  `refresh_token` longtext NOT NULL,
  `token_generated_time` datetime DEFAULT NULL,
  `token_expires_in` varchar(255) NOT NULL,
  `users_emailid` varchar(255) NOT NULL,
  PRIMARY KEY (`user_id`)
) ENGINE=InnoDB DEFAULT CHARSET=latin1;]]></sql>
</table>
<table>
<name>ctgoogleoffice365suite_cron_log</name>
<sql><![CDATA[CREATE TABLE `ctgoogleoffice365suite_cron_log` (
  `user_id` int(11) DEFAULT NULL,
  `module` varchar(255) DEFAULT NULL,
  `created_time` datetime DEFAULT NULL,
  `synctovtiger` bigint(20) DEFAULT NULL,
  `synctogoogle` bigint(20) DEFAULT NULL,
  `type` varchar(255) DEFAULT NULL
) ENGINE=InnoDB DEFAULT CHARSET=latin1;]]></sql>
</table>
<table>
<name>ctgoogleoffice365suite_outlookcalendar_schedulardata</name>
<sql><![CDATA[CREATE TABLE `ctgoogleoffice365suite_outlookcalendar_schedulardata` (
  `user_id` int(11) NOT NULL,
  `status` varchar(10) DEFAULT NULL,
  `sync_from_date` date DEFAULT NULL,
  `sync_to_date` date DEFAULT NULL,
  `batch` int(255) DEFAULT NULL,
  `deltatoken` longtext,
  `nextlinktoken` longtext NOT NULL,
  `totalrecordcount` int(255) DEFAULT NULL,
  `total_sync_record` int(255) DEFAULT NULL,
  `outlook_calendarrecord_id` longtext,
  PRIMARY KEY (`user_id`)
) ENGINE=InnoDB DEFAULT CHARSET=latin1;]]></sql>
</table>
<table>
<name>ctgoogleoffice365suite_syncvtigercalendar_schedulardata</name>
<sql><![CDATA[CREATE TABLE `ctgoogleoffice365suite_syncvtigercalendar_schedulardata` (
  `user_id` int(11) NOT NULL,
  `status` varchar(10) DEFAULT NULL,
  `batch` int(255) DEFAULT NULL,
  `nextsynctime` datetime DEFAULT NULL,
  `totalrecordcount` int(255) DEFAULT NULL,
  `total_sync_record` int(255) DEFAULT NULL,
  `vtiger_calendar_id` longtext,
  PRIMARY KEY (`setting_id`)
) ENGINE=InnoDB DEFAULT CHARSET=latin1;]]></sql>
</table>
<table>
<name>ctgoogleoffice365suite_synccalendar_settings</name>
<sql><![CDATA[CREATE TABLE `ctgoogleoffice365suite_synccalendar_settings` (
  `user_id` varchar(10) NOT NULL,
  `event_type` varchar(50) DEFAULT NULL,
  `default_status` varchar(50) DEFAULT NULL,
  `st_past` varchar(50) DEFAULT NULL,
  `st_future` varchar(50) DEFAULT NULL,
  `calendar_selected` varchar(1000) DEFAULT '',
  `deleted_from_google` tinyint(1) DEFAULT NULL,
  `deleted_from_vtiger` tinyint(1) DEFAULT NULL,
  `calendar_primary` varchar(1000) DEFAULT NULL,
  `sync_to_date` date DEFAULT NULL,
  `sync_from_date` date DEFAULT NULL,
  `from_current_date` int(11) DEFAULT NULL,
  `nextsynctoken` varchar(255) DEFAULT NULL
) ENGINE=MyISAM DEFAULT CHARSET=latin1]]></sql>
</table>

<table>
<name>ctgoogleoffice365suite_synccalendar_calendarlist</name>
<sql><![CDATA[CREATE TABLE `ctgoogleoffice365suite_synccalendar_calendarlist` (
  `cal_id` int(15) NOT NULL AUTO_INCREMENT,
  `google_cal_id` varchar(250) NOT NULL,
  `summary` varchar(255) NOT NULL,
  `time_zone` varchar(200) NOT NULL,
  `access_role` varchar(100) NOT NULL,
  `userid` int(15) DEFAULT NULL,
  PRIMARY KEY (`cal_id`)
) ENGINE=InnoDB DEFAULT CHARSET=latin1]]></sql>
</table>

<table>
<name>ctgoogleoffice365suite_synccalendar_user_management</name>
<sql><![CDATA[CREATE TABLE `ctgoogleoffice365suite_synccalendar_user_management` (
  `admin_user_id` int(11) NOT NULL,
  `user_id` int(11) NOT NULL,
  `contact_sync_id` varchar(250) DEFAULT NULL,
  `contact_sync_key` varchar(250) DEFAULT NULL,
  `contact_limit` int(5) DEFAULT NULL,
  `calendar_sync_id` varchar(250) DEFAULT NULL,
  `calendar_sync_key` varchar(250) DEFAULT NULL,
  `calendar_limit` int(5) DEFAULT NULL
) ENGINE=InnoDB DEFAULT CHARSET=latin1]]></sql>
</table>
<table>
<name>ctgoogleoffice365suite_synccontacts_contactsgroup</name>
<sql><![CDATA[CREATE TABLE `ctgoogleoffice365suite_synccontacts_contactsgroup` (
  `groupid` int(15) NOT NULL AUTO_INCREMENT,
  `google_contacts_id` varchar(250) NOT NULL,
  `summary` varchar(255) NOT NULL,
  `user_id` int(15) DEFAULT NULL,
  PRIMARY KEY (`groupid`)
) ENGINE=InnoDB DEFAULT CHARSET=latin1]]></sql>
</table>
<table>
<name>ctgoogleoffice365suite_synccontacts_fieldmapping</name>
<sql><![CDATA[CREATE TABLE `ctgoogleoffice365suite_synccontacts_fieldmapping` (
  `fieldmappingid` int(11) NOT NULL AUTO_INCREMENT,
  `user_id` int(11) DEFAULT NULL,
  `selected_module` varchar(1000) DEFAULT NULL,
  `vtiger_fields` varchar(255) DEFAULT NULL,
  `google_fields` varchar(255) DEFAULT NULL,
  `google_field_type` varchar(255) DEFAULT NULL,
  `custom_fields` varchar(255) DEFAULT NULL,
  PRIMARY KEY (`fieldmappingid`)
) ENGINE=InnoDB DEFAULT CHARSET=latin1]]></sql>
</table>
<table>
<name>ctgoogleoffice365suite_synccontacts_settings</name>
<sql><![CDATA[CREATE TABLE `ctgoogleoffice365suite_synccontacts_settings` (
  `setting_id` int(10) NOT NULL AUTO_INCREMENT,
  `user_id` varchar(10) NOT NULL,
  `contactgroup_selected` varchar(1000) DEFAULT '',
  `deleted_from_google` tinyint(1) DEFAULT NULL,
  `deleted_from_vtiger` tinyint(1) DEFAULT NULL,
  `selected_module` varchar(1000) DEFAULT NULL,
  `selected_cvid` int(10) NOT NULL,
  PRIMARY KEY (`setting_id`)
) ENGINE=InnoDB DEFAULT CHARSET=latin1]]></sql>
</table>
<table>
<name>ctgoogleoffice365suite_synccontacts_user_management</name>
<sql><![CDATA[CREATE TABLE `ctgoogleoffice365suite_synccontacts_user_management` (
  `admin_user_id` int(11) NOT NULL,
  `user_id` int(11) NOT NULL,
  `contact_limit` int(5) DEFAULT NULL
) ENGINE=MyISAM DEFAULT CHARSET=latin1]]></sql>
</table>
<table>
<name>ctgoogleoffice365suite_syncgoogleemail_setting</name>
<sql><![CDATA[CREATE TABLE `ctgoogleoffice365suite_syncgoogleemail_setting` (
  `enable` int(9) NOT NULL DEFAULT '0'
) ENGINE=InnoDB DEFAULT CHARSET=latin1]]></sql>
</table>
<table>
<name>ctgoogleoffice365suite_google_token</name>
<sql><![CDATA[CREATE TABLE `ctgoogleoffice365suite_google_token` (
  `user_id` int(11) NOT NULL DEFAULT '0',
  `token` longtext,
  `scope_type` varchar(255) DEFAULT NULL,
  `google_user` varchar(255) DEFAULT NULL,
  `user_email` text NOT NULL
) ENGINE=InnoDB DEFAULT CHARSET=latin1]]></sql>
</table>
<table>
<name>ctgoogleoffice365suite_googlecontactgroup_nexttokens</name>
<sql><![CDATA[CREATE TABLE `ctgoogleoffice365suite_googlecontactgroup_nexttokens` (
  `user_id` int(11) DEFAULT NULL,
  `contact_group_id` varchar(255) DEFAULT NULL,
  `nextsynctoken` longtext,
  `nextpagetoken` longtext
) ENGINE=InnoDB DEFAULT CHARSET=latin1]]></sql>
</table>
<table>
<name>ctgoogleoffice365suite_syncgooglecalendar_schedulerdata</name>
<sql><![CDATA[CREATE TABLE `ctgoogleoffice365suite_syncgooglecalendar_schedulerdata` (
  `syncid` int(11) NOT NULL AUTO_INCREMENT,
  `user_id` int(11) NOT NULL,
  `status` varchar(10) DEFAULT NULL,
  `batch` int(255) DEFAULT NULL,
  `next_trigger_time` datetime DEFAULT '0000-00-00 00:00:00',
  `nextsynctoken` longtext,
  `nextpagetoken` longtext,
  `totalrecord` int(255) DEFAULT NULL,
  `totalsyncedrecord` int(255) DEFAULT NULL,
  `calendarids` longtext,
  `synctype` varchar(255) NOT NULL,
  `sync_from_date` date DEFAULT NULL,
  `sync_to_date` date DEFAULT NULL
) ENGINE=InnoDB DEFAULT CHARSET=latin1]]></sql>
</table>
<table>
<name>ctgoogleoffice365suite_syncgooglecontacts_schedulerdata</name>
<sql><![CDATA[CREATE TABLE `ctgoogleoffice365suite_syncgooglecontacts_schedulerdata` (
  `syncid` int(11) NOT NULL AUTO_INCREMENT,
  `user_id` int(11) NOT NULL,
  `status` varchar(10) DEFAULT NULL,
  `batch` int(255) DEFAULT NULL,
  `next_trigger_time` datetime DEFAULT NULL,
  `nextsynctime` varchar(255) DEFAULT NULL,
  `totalrecord` int(255) DEFAULT NULL,
  `totalsyncedrecord` int(255) DEFAULT NULL,
  `contactids` longtext,
  `synctype` varchar(255) NOT NULL,
  `nextsynctoken` longtext,
  `nextpagetoken` longtext
) ENGINE=InnoDB DEFAULT CHARSET=latin1]]></sql>
</table>
<table>
<name>ctgoogleoffice365suite_syncgoogle_enableautosync</name>
<sql><![CDATA[CREATE TABLE `ctgoogleoffice365suite_syncgoogle_enableautosync` (
  `user_id` int(19) NOT NULL,
  `enablesync_contact` int(9) NOT NULL DEFAULT '0',
  `batch_contact` int(100) NOT NULL,
  `enablesync_event` int(11) DEFAULT '0',
  `batch_event` int(11) DEFAULT NULL
) ENGINE=InnoDB DEFAULT CHARSET=latin1]]></sql>
</table>
<table>
<name>vtiger_ctgoogleoffice365suite_trial_license</name>
<sql><![CDATA[CREATE TABLE `vtiger_ctgoogleoffice365suite_trial_license` (
  `licensekey` varchar(255) DEFAULT NULL,
  `authkey` varchar(255) DEFAULT NULL,
  `license_date` text NOT NULL
) ENGINE=InnoDB DEFAULT CHARSET=utf8;]]></sql>
</table>
</tables>
<blocks>
<block>
<label>GoogleOffice365Suite Information</label>
<fields>
<field>
<fieldname>googleoffice365suite_no</fieldname>
<uitype>4</uitype>
<columnname>googleoffice365suite_no</columnname>
<tablename>vtiger_googleoffice365suite</tablename>
<generatedtype>1</generatedtype>
<fieldlabel>GoogleOffice365Suite No</fieldlabel>
<readonly>1</readonly>
<presence>2</presence>
<defaultvalue></defaultvalue>
<sequence>1</sequence>
<maximumlength>100</maximumlength>
<typeofdata>V~O</typeofdata>
<quickcreate>1</quickcreate>
<quickcreatesequence>0</quickcreatesequence>
<displaytype>1</displaytype>
<info_type>BAS</info_type>
<helpinfo><![CDATA[]]></helpinfo>
<masseditable>1</masseditable>
<summaryfield>0</summaryfield>
<entityidentifier>
<entityidfield>googleoffice365suiteid</entityidfield>
<entityidcolumn>googleoffice365suiteid</entityidcolumn>
</entityidentifier>
</field>
<field>
<fieldname>createdtime</fieldname>
<uitype>70</uitype>
<columnname>createdtime</columnname>
<tablename>vtiger_crmentity</tablename>
<generatedtype>1</generatedtype>
<fieldlabel>Created Time</fieldlabel>
<readonly>1</readonly>
<presence>2</presence>
<defaultvalue></defaultvalue>
<sequence>2</sequence>
<maximumlength>100</maximumlength>
<typeofdata>DT~O</typeofdata>
<quickcreate>1</quickcreate>
<quickcreatesequence>0</quickcreatesequence>
<displaytype>2</displaytype>
<info_type>BAS</info_type>
<helpinfo><![CDATA[]]></helpinfo>
<masseditable>1</masseditable>
<summaryfield>0</summaryfield>
</field>
<field>
<fieldname>modifiedtime</fieldname>
<uitype>70</uitype>
<columnname>modifiedtime</columnname>
<tablename>vtiger_crmentity</tablename>
<generatedtype>1</generatedtype>
<fieldlabel>Modified Time</fieldlabel>
<readonly>1</readonly>
<presence>2</presence>
<defaultvalue></defaultvalue>
<sequence>3</sequence>
<maximumlength>100</maximumlength>
<typeofdata>DT~O</typeofdata>
<quickcreate>1</quickcreate>
<quickcreatesequence>0</quickcreatesequence>
<displaytype>2</displaytype>
<info_type>BAS</info_type>
<helpinfo><![CDATA[]]></helpinfo>
<masseditable>1</masseditable>
<summaryfield>0</summaryfield>
</field>
<field>
<fieldname>assigned_user_id</fieldname>
<uitype>53</uitype>
<columnname>smownerid</columnname>
<tablename>vtiger_crmentity</tablename>
<generatedtype>1</generatedtype>
<fieldlabel>Assigned To</fieldlabel>
<readonly>1</readonly>
<presence>2</presence>
<defaultvalue></defaultvalue>
<sequence>4</sequence>
<maximumlength>100</maximumlength>
<typeofdata>V~M</typeofdata>
<quickcreate>1</quickcreate>
<quickcreatesequence>0</quickcreatesequence>
<displaytype>1</displaytype>
<info_type>BAS</info_type>
<helpinfo><![CDATA[]]></helpinfo>
<masseditable>1</masseditable>
<summaryfield>0</summaryfield>
</field>
<field>
<fieldname>source</fieldname>
<uitype>1</uitype>
<columnname>source</columnname>
<tablename>vtiger_crmentity</tablename>
<generatedtype>1</generatedtype>
<fieldlabel>Source</fieldlabel>
<readonly>1</readonly>
<presence>2</presence>
<defaultvalue></defaultvalue>
<sequence>5</sequence>
<maximumlength>100</maximumlength>
<typeofdata>V~O</typeofdata>
<quickcreate>3</quickcreate>
<quickcreatesequence>1</quickcreatesequence>
<displaytype>2</displaytype>
<info_type>BAS</info_type>
<helpinfo><![CDATA[]]></helpinfo>
<masseditable>0</masseditable>
<summaryfield>0</summaryfield>
</field>
<field>
<fieldname>starred</fieldname>
<uitype>56</uitype>
<columnname>starred</columnname>
<tablename>vtiger_crmentity_user_field</tablename>
<generatedtype>1</generatedtype>
<fieldlabel>starred</fieldlabel>
<readonly>1</readonly>
<presence>2</presence>
<defaultvalue></defaultvalue>
<sequence>6</sequence>
<maximumlength>100</maximumlength>
<typeofdata>C~O</typeofdata>
<quickcreate>3</quickcreate>
<quickcreatesequence>2</quickcreatesequence>
<displaytype>6</displaytype>
<info_type>BAS</info_type>
<helpinfo><![CDATA[]]></helpinfo>
<masseditable>0</masseditable>
<summaryfield>0</summaryfield>
</field>
<field>
<fieldname>tags</fieldname>
<uitype>1</uitype>
<columnname>tags</columnname>
<tablename>vtiger_googleoffice365suite</tablename>
<generatedtype>1</generatedtype>
<fieldlabel>tags</fieldlabel>
<readonly>1</readonly>
<presence>2</presence>
<defaultvalue></defaultvalue>
<sequence>7</sequence>
<maximumlength>100</maximumlength>
<typeofdata>V~O</typeofdata>
<quickcreate>3</quickcreate>
<quickcreatesequence>3</quickcreatesequence>
<displaytype>6</displaytype>
<info_type>BAS</info_type>
<helpinfo><![CDATA[]]></helpinfo>
<masseditable>0</masseditable>
<summaryfield>0</summaryfield>
</field>
</fields>
</block>
</blocks>
<customviews>
<customview>
<viewname>All</viewname>
<setdefault>true</setdefault>
<setmetrics>false</setmetrics>
<fields>
<field>
<fieldname>googleoffice365suite_no</fieldname>
<columnindex>1</columnindex>
</field>
<field>
<fieldname>createdtime</fieldname>
<columnindex>2</columnindex>
</field>
<field>
<fieldname>modifiedtime</fieldname>
<columnindex>3</columnindex>
</field>
</fields>
</customview>
</customviews>
<sharingaccess>
<default>private</default>
</sharingaccess>
<actions>
<action>
<name><![CDATA[Import]]></name>
<status>enabled</status>
</action>
<action>
<name><![CDATA[Export]]></name>
<status>enabled</status>
</action>
<action>
<name><![CDATA[Merge]]></name>
<status>enabled</status>
</action>
</actions>
<crons>
<cron>
<name>CTGoogleOffice365SuiteSyncGoogleContactsSyncToVtiger</name>
<frequency>900</frequency>
<status>1</status>
<handler>cron/modules/GoogleOffice365Suite/CTGoogleOffice365SuiteSyncGoogleContactsSyncToVtiger.service</handler>
<sequence>7</sequence>
<description>Recommended frequency for ScheduleReports is 15 mins</description>
</cron>
<cron>
<name>CTGoogleOffice365SuiteSyncGoogleContactsSyncToGoogle</name>
<frequency>900</frequency>
<status>1</status>
<handler>cron/modules/GoogleOffice365Suite/CTGoogleOffice365SuiteSyncGoogleContactsSyncToGoogle.service</handler>
<sequence>8</sequence>
<description>Recommended frequency for ScheduleReports is 15 mins</description>
</cron>
<cron>
<name>CTGoogleOffice365SuiteSyncGoogleCalendarSyncToGoogle</name>
<frequency>900</frequency>
<status>1</status>
<handler>cron/modules/GoogleOffice365Suite/CTGoogleOffice365SuiteSyncGoogleCalendarSyncToGoogle.service</handler>
<sequence>9</sequence>
<description>Recommended frequency for ScheduleReports is 15 mins</description>
</cron>
<cron>
<name>CTGoogleOffice365SuiteSyncGoogleCalendarSyncToVtiger</name>
<frequency>900</frequency>
<status>1</status>
<handler>cron/modules/GoogleOffice365Suite/CTGoogleOffice365SuiteSyncGoogleCalendarSyncToVtiger.service</handler>
<sequence>10</sequence>
<description>Recommended frequency for ScheduleReports is 15 mins</description>
</cron>
<cron>
<name>CTGoogleOffice365SuiteSyncOutlookContactsSyncToOutlook</name>
<frequency>900</frequency>
<status>1</status>
<handler>cron/modules/GoogleOffice365Suite/CTGoogleOffice365SuiteSyncOutlookContactsSyncToOutlook.service</handler>
<sequence>11</sequence>
<description>Recommended frequency for ScheduleReports is 15 mins</description>
</cron>
<cron>
<name>CTGoogleOffice365SuiteSyncOutlookContactsSyncTovTiger</name>
<frequency>900</frequency>
<status>1</status>
<handler>cron/modules/GoogleOffice365Suite/CTGoogleOffice365SuiteSyncOutlookContactsSyncTovTiger.service</handler>
<sequence>12</sequence>
<description>Recommended frequency for ScheduleReports is 15 mins</description>
</cron>
<cron>
<name>CTGoogleOffice365SuiteSyncOutlookCalendarSyncToOutlook</name>
<frequency>900</frequency>
<status>1</status>
<handler>cron/modules/GoogleOffice365Suite/CTGoogleOffice365SuiteSyncOutlookCalendarSyncToOutlook.service</handler>
<sequence>13</sequence>
<description>Recommended frequency for ScheduleReports is 15 mins</description>
</cron>
<cron>
<name>CTGoogleOffice365SuiteSyncOutlookCalendarSyncToVtiger</name>
<frequency>900</frequency>
<status>1</status>
<handler>cron/modules/GoogleOffice365Suite/CTGoogleOffice365SuiteSyncOutlookCalendarSyncToVtiger.service</handler>
<sequence>14</sequence>
<description>Recommended frequency for ScheduleReports is 15 mins</description>
</cron>
</crons>
</module>
