<?xml version='1.0'?>
<schema>
	<tables>
		<table>
			<name>vtiger_googleoffice365suite</name>
			<sql><![CDATA[CREATE TABLE `vtiger_googleoffice365suite` (
  `googleoffice365suiteid` int(19) NOT NULL,
  `googleoffice365suite_no` varchar(255) DEFAULT NULL,
  `tags` varchar(1) DEFAULT NULL,
  PRIMARY KEY (`googleoffice365suiteid`)
) ENGINE=InnoDB DEFAULT CHARSET=utf8]]></sql>
		</table>
		<table>
			<name>vtiger_googleoffice365suitecf</name>
			<sql><![CDATA[CREATE TABLE `vtiger_googleoffice365suitecf` (
  `googleoffice365suiteid` int(19) NOT NULL,
  PRIMARY KEY (`googleoffice365suiteid`)
) ENGINE=InnoDB DEFAULT CHARSET=utf8]]></sql>
		</table>
		<table>
			<name>ctgoogleoffice365suite_syncoutlookemail_setting</name>
			<sql><![CDATA[CREATE TABLE `ctgoogleoffice365suite_syncoutlookemail_setting` (
  `enable` int(9) NOT NULL DEFAULT '0'
) ENGINE=InnoDB DEFAULT CHARSET=latin1;]]></sql>
		</table>
		<table>
			<name>ctgoogleoffice365suite_outlooksynccontacts_contactsgroup</name>
			<sql><![CDATA[CREATE TABLE `ctgoogleoffice365suite_outlooksynccontacts_contactsgroup` (
  `groupid` int(15) NOT NULL AUTO_INCREMENT,
  `outlook_contacts_id` varchar(255) NOT NULL,
  `summary` varchar(255) NOT NULL,
  `user_id` int(10) NOT NULL,
  PRIMARY KEY (`groupid`)
) ENGINE=InnoDB DEFAULT CHARSET=latin1;]]></sql>
		</table>
		<table>
			<name>ctgoogleoffice365suite_outlooksynccontacts_user_management</name>
			<sql><![CDATA[CREATE TABLE `ctgoogleoffice365suite_outlooksynccontacts_user_management` (
  `user_id` int(11) NOT NULL,
  `contact_limit` int(5) DEFAULT NULL
) ENGINE=InnoDB DEFAULT CHARSET=latin1;]]></sql>
		</table>
		<table>
			<name>ctgoogleoffice365suite_outlooksynccontacts_settings</name>
			<sql><![CDATA[CREATE TABLE `ctgoogleoffice365suite_outlooksynccontacts_settings` (
  `setting_id` int(10) NOT NULL AUTO_INCREMENT,
  `user_id` varchar(10) NOT NULL,
  `contactgroup_selected` varchar(1000) DEFAULT NULL,
  `deltatoken` longtext,
  `deleted_from_outlook` tinyint(1) DEFAULT NULL,
  `deleted_from_vtiger` tinyint(1) DEFAULT NULL,
  `selected_module` varchar(1000) DEFAULT NULL,
  `selected_cvid` int(10) NOT NULL,
  PRIMARY KEY (`setting_id`)
) ENGINE=InnoDB DEFAULT CHARSET=latin1;]]></sql>
		</table>
		<table>
			<name>ctgoogleoffice365suite_outlooksynccontacts_fieldmapping</name>
			<sql><![CDATA[CREATE TABLE `ctgoogleoffice365suite_outlooksynccontacts_fieldmapping` (
  `fieldmappingid` int(11) NOT NULL AUTO_INCREMENT,
  `user_id` int(11) NOT NULL,
  `selected_module` varchar(255) NOT NULL,
  `vtiger_fields` varchar(255) NOT NULL,
  `outlook_fields` varchar(255) NOT NULL,
  `editable` int(10) NOT NULL,
  PRIMARY KEY (`fieldmappingid`)
) ENGINE=InnoDB DEFAULT CHARSET=latin1;]]></sql>
		</table>
		<table>
			<name>ctgoogleoffice365suite_syncvtigercontacts_schedulardata</name>
			<sql><![CDATA[CREATE TABLE `ctgoogleoffice365suite_syncvtigercontacts_schedulardata` (
  `user_id` int(11) NOT NULL,
  `status` varchar(10) DEFAULT NULL,
  PRIMARY KEY (`user_id`)
) ENGINE=InnoDB DEFAULT CHARSET=latin1;]]></sql>
		</table>
		<table>
			<name>ctgoogleoffice365suite_outlookcontacts_schedulardata</name>
			<sql><![CDATA[CREATE TABLE `ctgoogleoffice365suite_outlookcontacts_schedulardata` (
  `user_id` int(11) NOT NULL,
  `status` varchar(10) DEFAULT NULL,
  `batch` int(255) DEFAULT NULL,
  `deltatoken` longtext,
  `deltanextlink` longtext,
  `totalrecordcount` int(255) DEFAULT NULL,
  `total_sync_record` int(255) DEFAULT NULL,
  `outlook_contacts_id` longtext,
  PRIMARY KEY (`user_id`)
) ENGINE=InnoDB DEFAULT CHARSET=latin1;]]></sql>
		</table>
		<table>
			<name>ctgoogleoffice365suite_outlooksyncevents_eventsgroup</name>
			<sql><![CDATA[CREATE TABLE `ctgoogleoffice365suite_outlooksyncevents_eventsgroup` (
  `groupid` int(15) NOT NULL AUTO_INCREMENT,
  `outlook_events_id` longtext NOT NULL,
  `summary` varchar(255) NOT NULL,
  `access_role` varchar(100) NOT NULL,
  `user_id` int(10) NOT NULL,
  PRIMARY KEY (`groupid`)
) ENGINE=InnoDB DEFAULT CHARSET=latin1;]]></sql>
		</table>
		<table>
			<name>ctgoogleoffice365suite_outlooksyncevents_user_management</name>
			<sql><![CDATA[CREATE TABLE `ctgoogleoffice365suite_outlooksyncevents_user_management` (
  `user_id` int(11) NOT NULL,
  `calendar_limit` int(5) DEFAULT NULL
) ENGINE=InnoDB DEFAULT CHARSET=latin1;]]></sql>
		</table>
		<table>
			<name>ctgoogleoffice365suite_outlooksyncevents_settings</name>
			<sql><![CDATA[CREATE TABLE `ctgoogleoffice365suite_outlooksyncevents_settings` (
  `setting_id` int(10) NOT NULL AUTO_INCREMENT,
  `user_id` varchar(10) NOT NULL,
  `event_type` varchar(50) NOT NULL,
  `default_status` varchar(50) NOT NULL,
  `st_past` varchar(50) NOT NULL,
  `st_future` varchar(50) NOT NULL,
  `eventgroup_selected` varchar(1000) DEFAULT NULL,
  `sync_to_date` date DEFAULT NULL,
  `sync_from_date` date DEFAULT NULL,
  `deleted_from_outlook` tinyint(1) DEFAULT NULL,
  `deleted_from_vtiger` tinyint(1) DEFAULT NULL,
  PRIMARY KEY (`setting_id`)
) ENGINE=InnoDB DEFAULT CHARSET=latin1;]]></sql>
		</table>
		<table>
			<name>ctgoogleoffice365suite_syncoutlook_enableautosync</name>
			<sql><![CDATA[CREATE TABLE `ctgoogleoffice365suite_syncoutlook_enableautosync` (
  `user_id` int(19) NOT NULL,
  `enablesync_contact` int(9) NOT NULL DEFAULT '0',
  `batch_contact` int(100) NOT NULL,
  `enablesync_event` int(11) DEFAULT '0',
  `batch_event` int(11) DEFAULT NULL
) ENGINE=InnoDB DEFAULT CHARSET=latin1;]]></sql>
		</table>
		<table>
			<name>ctgoogleoffice365suite_outlookcron_log</name>
			<sql><![CDATA[CREATE TABLE `ctgoogleoffice365suite_outlookcron_log` (
  `user_id` int(11) DEFAULT NULL,
  `module` varchar(255) DEFAULT NULL,
  `created_time` datetime DEFAULT NULL,
  `synctovtiger` bigint(20) DEFAULT NULL,
  `synctooutlook` bigint(20) DEFAULT NULL,
  `type` varchar(255) DEFAULT NULL
) ENGINE=InnoDB DEFAULT CHARSET=latin1;]]></sql>
		</table>
		<table>
			<name>ctgoogleoffice365suite_outlooksync_token</name>
			<sql><![CDATA[CREATE TABLE `ctgoogleoffice365suite_outlooksync_token` (
  `user_id` varchar(255) NOT NULL,
  `token` longtext NOT NULL,
  `refresh_token` longtext NOT NULL,
  `token_generated_time` datetime DEFAULT NULL,
  `token_expires_in` varchar(255) NOT NULL,
  `users_emailid` varchar(255) NOT NULL,
  PRIMARY KEY (`user_id`)
) ENGINE=InnoDB DEFAULT CHARSET=latin1;]]></sql>
		</table>
		<table>
			<name>ctgoogleoffice365suite_cron_log</name>
			<sql><![CDATA[CREATE TABLE `ctgoogleoffice365suite_cron_log` (
  `user_id` int(11) DEFAULT NULL,
  `module` varchar(255) DEFAULT NULL,
  `created_time` datetime DEFAULT NULL,
  `synctovtiger` bigint(20) DEFAULT NULL,
  `synctogoogle` bigint(20) DEFAULT NULL,
  `type` varchar(255) DEFAULT NULL
) ENGINE=InnoDB DEFAULT CHARSET=latin1;]]></sql>
		</table>
		<table>
			<name>ctgoogleoffice365suite_outlookcalendar_schedulardata</name>
			<sql><![CDATA[CREATE TABLE `ctgoogleoffice365suite_outlookcalendar_schedulardata` (
  `user_id` int(11) NOT NULL,
  `status` varchar(10) DEFAULT NULL,
  `sync_from_date` date DEFAULT NULL,
  `sync_to_date` date DEFAULT NULL,
  `batch` int(255) DEFAULT NULL,
  `deltatoken` longtext,
  `totalrecordcount` int(255) DEFAULT NULL,
  `total_sync_record` int(255) DEFAULT NULL,
  `outlook_calendarrecord_id` longtext,
  PRIMARY KEY (`setting_id`)
) ENGINE=InnoDB DEFAULT CHARSET=latin1;]]></sql>
		</table>
		<table>
			<name>ctgoogleoffice365suite_syncvtigercalendar_schedulardata</name>
			<sql><![CDATA[CREATE TABLE `ctgoogleoffice365suite_syncvtigercalendar_schedulardata` (
  `user_id` int(11) NOT NULL,
  `status` varchar(10) DEFAULT NULL,
  `batch` int(255) DEFAULT NULL,
  `nextsynctime` datetime DEFAULT NULL,
  `totalrecordcount` int(255) DEFAULT NULL,
  `total_sync_record` int(255) DEFAULT NULL,
  `vtiger_calendar_id` longtext,
  PRIMARY KEY (`setting_id`)
) ENGINE=InnoDB DEFAULT CHARSET=latin1;]]></sql>
		</table>
		<table>
			<name>ctgoogleoffice365suite_synccalendar_settings</name>
			<sql><![CDATA[CREATE TABLE `ctgoogleoffice365suite_synccalendar_settings` (
  `user_id` varchar(10) NOT NULL,
  `event_type` varchar(50) DEFAULT NULL,
  `default_status` varchar(50) DEFAULT NULL,
  `st_past` varchar(50) DEFAULT NULL,
  `st_future` varchar(50) DEFAULT NULL,
  `calendar_selected` varchar(1000) DEFAULT '',
  `deleted_from_google` tinyint(1) DEFAULT NULL,
  `deleted_from_vtiger` tinyint(1) DEFAULT NULL,
  `calendar_primary` varchar(1000) DEFAULT NULL,
  `sync_to_date` date DEFAULT NULL,
  `sync_from_date` date DEFAULT NULL,
  `nextsynctoken` varchar(255) DEFAULT NULL
) ENGINE=MyISAM DEFAULT CHARSET=latin1]]></sql>
		</table>
		<table>
			<name>ctgoogleoffice365suite_synccalendar_calendarlist</name>
			<sql><![CDATA[CREATE TABLE `ctgoogleoffice365suite_synccalendar_calendarlist` (
  `cal_id` int(15) NOT NULL AUTO_INCREMENT,
  `google_cal_id` varchar(250) NOT NULL,
  `summary` varchar(255) NOT NULL,
  `time_zone` varchar(200) NOT NULL,
  `access_role` varchar(100) NOT NULL,
  `userid` int(15) DEFAULT NULL,
  PRIMARY KEY (`cal_id`)
) ENGINE=InnoDB DEFAULT CHARSET=latin1]]></sql>
		</table>
		<table>
			<name>ctgoogleoffice365suite_synccalendar_user_management</name>
			<sql><![CDATA[CREATE TABLE `ctgoogleoffice365suite_synccalendar_user_management` (
  `user_id` int(11) NOT NULL,
  `contact_sync_id` varchar(250) DEFAULT NULL,
  `contact_sync_key` varchar(250) DEFAULT NULL,
  `contact_limit` int(5) DEFAULT NULL,
  `calendar_sync_id` varchar(250) DEFAULT NULL,
  `calendar_sync_key` varchar(250) DEFAULT NULL,
  `calendar_limit` int(5) DEFAULT NULL
) ENGINE=InnoDB DEFAULT CHARSET=latin1]]></sql>
		</table>
		<table>
			<name>ctgoogleoffice365suite_synccontacts_contactsgroup</name>
			<sql><![CDATA[CREATE TABLE `ctgoogleoffice365suite_synccontacts_contactsgroup` (
  `groupid` int(15) NOT NULL AUTO_INCREMENT,
  `google_contacts_id` varchar(250) NOT NULL,
  `summary` varchar(255) NOT NULL,
  `user_id` int(15) DEFAULT NULL,
  PRIMARY KEY (`groupid`)
) ENGINE=InnoDB DEFAULT CHARSET=latin1]]></sql>
		</table>
		<table>
			<name>ctgoogleoffice365suite_synccontacts_fieldmapping</name>
			<sql><![CDATA[CREATE TABLE `ctgoogleoffice365suite_synccontacts_fieldmapping` (
  `fieldmappingid` int(11) NOT NULL,
  `user_id` int(11) DEFAULT NULL,
  `selected_module` varchar(1000) DEFAULT NULL,
  `vtiger_fields` varchar(255) DEFAULT NULL,
  `google_fields` varchar(255) DEFAULT NULL,
  `google_field_type` varchar(255) DEFAULT NULL,
  `custom_fields` varchar(255) DEFAULT NULL,
  PRIMARY KEY (`fieldmappingid`)
) ENGINE=InnoDB DEFAULT CHARSET=latin1]]></sql>
		</table>
		<table>
			<name>ctgoogleoffice365suite_synccontacts_settings</name>
			<sql><![CDATA[CREATE TABLE `ctgoogleoffice365suite_synccontacts_settings` (
  `setting_id` int(10) NOT NULL,
  `user_id` varchar(10) NOT NULL,
  `contactgroup_selected` varchar(1000) DEFAULT '',
  `deleted_from_google` tinyint(1) DEFAULT NULL,
  `deleted_from_vtiger` tinyint(1) DEFAULT NULL,
  `selected_module` varchar(1000) DEFAULT NULL,
  `selected_cvid` int(10) NOT NULL
) ENGINE=InnoDB DEFAULT CHARSET=latin1]]></sql>
		</table>
		<table>
			<name>ctgoogleoffice365suite_synccontacts_user_management</name>
			<sql><![CDATA[CREATE TABLE `ctgoogleoffice365suite_synccontacts_user_management` (
  `user_id` int(11) NOT NULL,
  `contact_limit` int(5) DEFAULT NULL
) ENGINE=MyISAM DEFAULT CHARSET=latin1]]></sql>
		</table>
		<table>
			<name>ctgoogleoffice365suite_syncgoogleemail_setting</name>
			<sql><![CDATA[CREATE TABLE `ctgoogleoffice365suite_syncgoogleemail_setting` (
  `enable` int(9) NOT NULL DEFAULT '0'
) ENGINE=InnoDB DEFAULT CHARSET=latin1]]></sql>
		</table>
		<table>
			<name>ctgoogleoffice365suite_google_token</name>
			<sql><![CDATA[CREATE TABLE `ctgoogleoffice365suite_google_token` (
  `user_id` int(11) NOT NULL DEFAULT '0',
  `token` longtext,
  `scope_type` varchar(255) DEFAULT NULL,
  `google_user` varchar(255) DEFAULT NULL,
  `user_email` text NOT NULL
) ENGINE=InnoDB DEFAULT CHARSET=latin1]]></sql>
		</table>
		<table>
			<name>ctgoogleoffice365suite_googlecontactgroup_nexttokens</name>
			<sql><![CDATA[CREATE TABLE `ctgoogleoffice365suite_googlecontactgroup_nexttokens` (
  `user_id` int(11) DEFAULT NULL,
  `contact_group_id` varchar(255) DEFAULT NULL,
  `nextsynctoken` longtext,
  `nextpagetoken` longtext
) ENGINE=InnoDB DEFAULT CHARSET=latin1]]></sql>
		</table>
		<table>
			<name>ctgoogleoffice365suite_syncgooglecalendar_schedulerdata</name>
			<sql><![CDATA[CREATE TABLE `ctgoogleoffice365suite_syncgooglecalendar_schedulerdata` (
  `syncid` int(11) NOT NULL,
  `user_id` int(11) NOT NULL,
  `status` varchar(10) DEFAULT NULL,
  `batch` int(255) DEFAULT NULL,
  `next_trigger_time` datetime DEFAULT '0000-00-00 00:00:00',
  `nextsynctoken` longtext,
  `nextpagetoken` longtext,
  `totalrecord` int(255) DEFAULT NULL,
  `totalsyncedrecord` int(255) DEFAULT NULL,
  `calendarids` longtext,
  `synctype` varchar(255) NOT NULL
) ENGINE=InnoDB DEFAULT CHARSET=latin1]]></sql>
		</table>
		<table>
			<name>ctgoogleoffice365suite_syncgooglecontacts_schedulerdata</name>
			<sql><![CDATA[CREATE TABLE `ctgoogleoffice365suite_syncgooglecontacts_schedulerdata` (
  `syncid` int(11) NOT NULL,
  `user_id` int(11) NOT NULL,
  `status` varchar(10) DEFAULT NULL,
  `batch` int(255) DEFAULT NULL,
  `next_trigger_time` datetime DEFAULT NULL,
  `nextsynctime` varchar(255) DEFAULT NULL,
  `totalrecord` int(255) DEFAULT NULL,
  `totalsyncedrecord` int(255) DEFAULT NULL,
  `contactids` longtext,
  `synctype` varchar(255) NOT NULL,
  `nextsynctoken` longtext,
  `nextpagetoken` longtext
) ENGINE=InnoDB DEFAULT CHARSET=latin1]]></sql>
		</table>
		<table>
			<name>ctgoogleoffice365suite_syncgoogle_enableautosync</name>
			<sql><![CDATA[CREATE TABLE `ctgoogleoffice365suite_syncgoogle_enableautosync` (
  `user_id` int(19) NOT NULL,
  `enablesync_contact` int(9) NOT NULL DEFAULT '0',
  `batch_contact` int(100) NOT NULL,
  `enablesync_event` int(11) DEFAULT '0',
  `batch_event` int(11) DEFAULT NULL
) ENGINE=InnoDB DEFAULT CHARSET=latin1]]></sql>
		</table>
		<table>
			<name>vtiger_ctgoogleoffice365suite_trial_license</name>
			<sql><![CDATA[CREATE TABLE `vtiger_ctgoogleoffice365suite_trial_license` (
  `licensekey` varchar(255) DEFAULT NULL,
  `authkey` varchar(255) DEFAULT NULL,
  `license_date` text NOT NULL
) ENGINE=InnoDB DEFAULT CHARSET=utf8]]></sql>
		</table>
	</tables>
</schema>
